{"accuracy": [0.9135000109672546, 0.9730185270309448, 0.9799259305000305, 0.9836481213569641, 0.985537052154541, 0.9877407550811768, 0.9891852140426636, 0.9904814958572388, 0.9904814958572388, 0.9910555481910706, 0.9922592639923096, 0.9927592873573303, 0.9934074282646179, 0.9933888912200928, 0.9938703775405884, 0.9944815039634705, 0.9944999814033508, 0.9944074153900146, 0.9949629902839661, 0.9952037334442139], "val_accuracy": [0.9773333072662354, 0.9851666688919067, 0.9884999990463257, 0.9883333444595337, 0.9883333444595337, 0.9904999732971191, 0.9903333187103271, 0.9906666874885559, 0.9900000095367432, 0.9926666617393494, 0.9908333420753479, 0.9916666746139526, 0.9928333163261414, 0.9926666617393494, 0.9909999966621399, 0.9925000071525574, 0.9931666851043701, 0.9923333525657654, 0.9936666488647461, 0.9926666617393494], "loss": [0.2805703580379486, 0.08590161055326462, 0.06408102065324783, 0.05256195366382599, 0.045254696160554886, 0.03758975490927696, 0.03439147397875786, 0.029446681961417198, 0.02900581806898117, 0.02646269090473652, 0.024281639605760574, 0.021971313282847404, 0.01980656199157238, 0.01913662999868393, 0.018150296062231064, 0.016909807920455933, 0.015749704092741013, 0.015942109748721123, 0.014467836357653141, 0.013906515203416348], "val_loss": [0.0768565684556961, 0.05255870148539543, 0.040406014770269394, 0.03863444924354553, 0.03679206222295761, 0.03165951371192932, 0.03211415931582451, 0.03163145110011101, 0.03164752200245857, 0.027871547266840935, 0.03320683166384697, 0.028675666078925133, 0.026180032640695572, 0.029295703396201134, 0.032650839537382126, 0.02789015881717205, 0.027952702715992928, 0.028697853907942772, 0.032101571559906006, 0.03310518339276314]}